<?xml version="1.0" encoding="UTF-8"?>
<project-private xmlns="http://www.netbeans.org/ns/project-private/1">
    <editor-bookmarks xmlns="http://www.netbeans.org/ns/editor-bookmarks/2" lastBookmarkId="0"/>
    <open-files xmlns="http://www.netbeans.org/ns/projectui-open-files/2">
        <group>
            <file>file:/C:/Users/Admin/Downloads/BookSys_DuAn1%20(1)/BookSys_DuAn1%20(1)/BookSys_DuAn1/src/com/booksys/dao/NhanVienDAO.java</file>
            <file>file:/C:/Users/Admin/Downloads/BookSys_DuAn1%20(1)/BookSys_DuAn1%20(1)/BookSys_DuAn1/src/com/booksys/dao/HoaDonDAO.java</file>
            <file>file:/C:/Users/Admin/Downloads/BookSys_DuAn1%20(1)/BookSys_DuAn1%20(1)/BookSys_DuAn1/src/com/booksys/ui/NhanVienForm.java</file>
            <file>file:/C:/Users/Admin/Downloads/BookSys_DuAn1%20(1)/BookSys_DuAn1%20(1)/BookSys_DuAn1/src/com/booksys/utils/XDate.java</file>
            <file>file:/C:/Users/Admin/Downloads/BookSys_DuAn1%20(1)/BookSys_DuAn1%20(1)/BookSys_DuAn1/src/com/booksys/ui/Login.java</file>
        </group>
    </open-files>
</project-private>
